{
    "shallow": 0.585099995136261,
    "vanilla": 0.6773999929428101,
    "stacked": 0.6563000082969666,
    "sparse": 0.3248000144958496,
    "denoising": 0.7096999883651733,
    "vae": 0.4896000027656555,
    "beta_vae_strict": 0.38280001282691956,
    "beta_vae_loose": 0.5224999785423279,
    "vq": 0.7190999984741211
}