{
    "shallow": 0.4510999917984009,
    "vanilla": 0.7835000157356262,
    "stacked": 0.6107000112533569,
    "sparse": 0.22210000455379486,
    "denoising": 0.8048999905586243,
    "vae": 0.6015999913215637,
    "beta_vae_strict": 0.4535999894142151,
    "beta_vae_loose": 0.6310999989509583,
    "vq": 0.7717000246047974
}