{
    "shallow": 0.11259999871253967,
    "vanilla": 0.4546999931335449,
    "stacked": 0.259799987077713,
    "sparse": 0.1256999969482422,
    "denoising": 0.4952000081539154,
    "vae": 0.4011000096797943,
    "beta_vae_strict": 0.3668999969959259,
    "beta_vae_loose": 0.4674000144004822,
    "vq": 0.4731000065803528
}